{
  "hash": "3fa8fa3b",
  "configHash": "e254e59e",
  "lockfileHash": "f0a36b75",
  "browserHash": "185da94b",
  "optimized": {
    "@angular/common": {
      "src": "../../../../../../node_modules/@angular/common/fesm2022/common.mjs",
      "file": "@angular_common.js",
      "fileHash": "1ccb1ced",
      "needsInterop": false
    },
    "@angular/core": {
      "src": "../../../../../../node_modules/@angular/core/fesm2022/core.mjs",
      "file": "@angular_core.js",
      "fileHash": "2491aa5c",
      "needsInterop": false
    },
    "@angular/platform-browser": {
      "src": "../../../../../../node_modules/@angular/platform-browser/fesm2022/platform-browser.mjs",
      "file": "@angular_platform-browser.js",
      "fileHash": "57280982",
      "needsInterop": false
    },
    "@angular/router": {
      "src": "../../../../../../node_modules/@angular/router/fesm2022/router.mjs",
      "file": "@angular_router.js",
      "fileHash": "ee4e6408",
      "needsInterop": false
    },
    "bootstrap": {
      "src": "../../../../../../node_modules/bootstrap/dist/js/bootstrap.esm.js",
      "file": "bootstrap.js",
      "fileHash": "a0dd9a05",
      "needsInterop": false
    },
    "leaflet": {
      "src": "../../../../../../node_modules/leaflet/dist/leaflet-src.js",
      "file": "leaflet.js",
      "fileHash": "c538443e",
      "needsInterop": true
    },
    "@angular/forms": {
      "src": "../../../../../../node_modules/@angular/forms/fesm2022/forms.mjs",
      "file": "@angular_forms.js",
      "fileHash": "5d73c58c",
      "needsInterop": false
    }
  },
  "chunks": {
    "chunk-D3ZMNBCF": {
      "file": "chunk-D3ZMNBCF.js"
    },
    "chunk-JNOTUU73": {
      "file": "chunk-JNOTUU73.js"
    },
    "chunk-UXGX2JQG": {
      "file": "chunk-UXGX2JQG.js"
    },
    "chunk-CX3I3NQG": {
      "file": "chunk-CX3I3NQG.js"
    }
  }
}