{
  "hash": "bbac8901",
  "configHash": "3f30aa97",
  "lockfileHash": "f0a36b75",
  "browserHash": "f26c2ead",
  "optimized": {
    "@angular/common": {
      "src": "../../../../../../node_modules/@angular/common/fesm2022/common.mjs",
      "file": "@angular_common.js",
      "fileHash": "d11c0410",
      "needsInterop": false
    },
    "@angular/core": {
      "src": "../../../../../../node_modules/@angular/core/fesm2022/core.mjs",
      "file": "@angular_core.js",
      "fileHash": "fb420dcf",
      "needsInterop": false
    },
    "@angular/forms": {
      "src": "../../../../../../node_modules/@angular/forms/fesm2022/forms.mjs",
      "file": "@angular_forms.js",
      "fileHash": "ebe2de67",
      "needsInterop": false
    },
    "@angular/platform-browser": {
      "src": "../../../../../../node_modules/@angular/platform-browser/fesm2022/platform-browser.mjs",
      "file": "@angular_platform-browser.js",
      "fileHash": "55adc9fa",
      "needsInterop": false
    },
    "@angular/router": {
      "src": "../../../../../../node_modules/@angular/router/fesm2022/router.mjs",
      "file": "@angular_router.js",
      "fileHash": "52bc963b",
      "needsInterop": false
    },
    "bootstrap": {
      "src": "../../../../../../node_modules/bootstrap/dist/js/bootstrap.esm.js",
      "file": "bootstrap.js",
      "fileHash": "1003e052",
      "needsInterop": false
    },
    "leaflet": {
      "src": "../../../../../../node_modules/leaflet/dist/leaflet-src.js",
      "file": "leaflet.js",
      "fileHash": "1cdbffce",
      "needsInterop": true
    },
    "@angular/common/http": {
      "src": "../../../../../../node_modules/@angular/common/fesm2022/http.mjs",
      "file": "@angular_common_http.js",
      "fileHash": "737d0add",
      "needsInterop": false
    }
  },
  "chunks": {
    "chunk-VKAP2R2A": {
      "file": "chunk-VKAP2R2A.js"
    },
    "chunk-RBQPHSTT": {
      "file": "chunk-RBQPHSTT.js"
    },
    "chunk-JNOTUU73": {
      "file": "chunk-JNOTUU73.js"
    },
    "chunk-UXGX2JQG": {
      "file": "chunk-UXGX2JQG.js"
    },
    "chunk-CX3I3NQG": {
      "file": "chunk-CX3I3NQG.js"
    }
  }
}